humedad,ph,temperatura,tiempo_horas,profundidad_cm,compactacion,conductividad_ds_m,n_medida,p_medida,k_medida,p_transport,n_transport,k_transport
0.206,4.5,30.268,68,30,medio_compactado,0.365,47.538,9.249,166.579,0.912,1.043,1.01
0.313,8.333,24.528,106,30,muy_compactado,0.794,16.274,14.105,159.613,0.931,0.973,1.026
0.412,5.388,16.513,34,10,muy_compactado,0.844,48.639,14.279,381.459,1.232,1.19,1.47
0.37,5.184,22.569,127,30,medio_compactado,0.7,21.847,7.674,175.447,1.103,0.965,1.207
0.392,7.318,30.188,91,30,suelto,1.336,43.87,4.398,328.162,1.1,1.097,1.475
0.348,8.452,24.909,118,10,suelto,1.385,38.289,13.383,205.799,1.145,1.181,1.348
0.358,7.607,21.003,88,30,suelto,0.957,56.457,4.31,124.561,1.135,1.347,1.242
0.405,6.951,22.981,72,30,muy_compactado,0.949,29.366,12.413,83.429,1.115,1.131,1.116
0.225,6.976,28.362,75,30,medio_compactado,2.089,13.308,14.482,254.162,1.115,1.005,1.318
0.297,7.183,27.187,125,30,muy_compactado,1.994,10.958,14.611,392.249,1.049,1.02,1.41
0.216,7.107,24.044,80,30,suelto,0.839,51.343,15.562,198.124,1.1,1.031,1.111
0.446,6.725,23.533,70,10,muy_compactado,2.293,36.237,17.711,194.302,1.403,1.297,1.515
0.433,6.583,23.433,49,30,muy_compactado,2.387,48.762,10.999,190.109,1.291,1.304,1.363
0.162,6.45,21.31,137,30,suelto,0.884,21.721,15.144,246.574,1.053,0.963,1.083
0.362,5.897,31.462,28,10,suelto,0.951,27.254,13.145,221.013,1.295,1.286,1.361
0.428,6.275,23.711,107,10,suelto,1.314,11.505,5.36,361.573,1.258,1.262,1.556
0.204,5.146,29.869,75,10,suelto,2.359,58.075,2.462,241.767,1.173,1.284,1.355
0.32,6.421,31.085,128,30,medio_compactado,2.203,43.393,7.122,242.483,1.119,1.158,1.329
0.425,5.709,28.993,77,30,medio_compactado,0.346,56.66,9.975,124.279,1.171,1.253,1.17
0.16,5.617,23.274,38,10,suelto,1.043,23.275,13.108,394.477,1.082,1.146,1.439
0.359,6.644,26.615,84,30,medio_compactado,1.428,40.573,17.299,159.991,1.191,1.14,1.276
0.239,7.614,24.903,145,10,suelto,1.308,43.925,5.532,103.477,1.052,1.101,1.158
0.427,7.235,21.385,44,30,suelto,0.565,25.877,4.26,292.207,1.254,1.266,1.461
0.441,5.244,26.297,69,30,medio_compactado,2.161,52.405,19.343,270.517,1.308,1.298,1.496
0.433,5.708,20.284,157,30,medio_compactado,1.725,57.358,3.945,212.847,1.16,1.33,1.234
0.292,7.253,29.751,61,10,muy_compactado,2.111,54.243,10.613,215.102,1.154,1.198,1.29
0.409,5.714,23.142,85,10,suelto,2.161,46.953,12.54,331.22,1.401,1.454,1.505
0.403,6.32,25.805,109,10,medio_compactado,1.896,23.873,11.745,142.628,1.32,1.255,1.36
0.246,6.94,26.133,101,10,medio_compactado,1.154,24.081,3.549,342.481,1.085,1.087,1.368
0.399,5.725,23.964,69,30,suelto,1.565,58.168,3.026,287.599,1.25,1.398,1.521
0.161,6.584,27.347,164,30,medio_compactado,0.485,10.514,3.899,214.07,0.962,0.827,1.1
0.329,5.433,23.1,26,30,suelto,1.717,45.802,12.541,226.569,1.208,1.201,1.381
0.219,6.019,28.485,29,30,suelto,0.53,45.312,11.798,162.127,1.022,1.082,1.121
0.186,6.756,19.616,116,30,muy_compactado,1.765,41.134,6.207,320.677,0.917,1.025,1.251
0.173,5.226,25.506,31,30,muy_compactado,0.651,59.505,13.48,244.12,0.929,0.914,1.047
0.359,6.852,32.756,131,30,muy_compactado,0.382,25.594,16.761,182.673,1.091,1.033,1.128
0.252,6.484,20.999,98,30,suelto,0.497,26.999,2.748,270.736,1.012,1.026,1.31
0.367,6.942,22.289,100,10,suelto,0.105,13.947,10.966,398.635,1.128,1.186,1.477
0.17,6.679,27.056,73,10,muy_compactado,1.825,32.14,14.408,219.284,1.023,0.93,1.24
0.245,7.591,25.718,34,10,medio_compactado,1.858,23.052,6.542,374.621,1.178,1.087,1.497
0.312,6.6,26.403,118,30,suelto,1.336,27.169,7.54,190.405,1.183,1.055,1.229
0.387,6.156,26.957,93,30,medio_compactado,0.487,51.729,13.045,97.514,1.15,1.136,1.193
0.246,6.598,27.539,39,10,suelto,0.301,56.774,18.163,145.357,1.112,1.225,1.238
0.338,6.935,29.439,91,30,muy_compactado,0.146,19.287,16.579,213.982,1.025,0.959,1.148
0.416,6.539,26.639,122,30,suelto,0.498,28.625,12.496,150.283,1.198,1.164,1.228
0.335,6.532,24.035,71,10,medio_compactado,2.238,56.432,15.144,80.073,1.315,1.327,1.242
0.22,5.938,27.69,87,10,suelto,0.68,13.09,8.567,372.8,1.12,1.056,1.37
0.157,5.97,32.6,113,30,medio_compactado,0.95,14.618,13.537,350.041,0.951,0.844,1.245
0.411,5.378,24.469,99,30,medio_compactado,0.353,18.14,10.391,317.534,1.131,1.097,1.301
0.156,7.9,21.102,162,30,suelto,0.634,39.761,5.419,133.701,0.884,0.983,1.0
0.412,5.505,29.428,124,30,muy_compactado,1.346,17.524,14.631,118.516,1.15,1.081,1.099
0.309,5.946,24.518,112,30,muy_compactado,1.559,58.404,12.016,101.634,1.1,1.161,1.08
0.432,5.925,16.309,41,30,muy_compactado,0.689,32.336,8.455,311.689,1.057,1.151,1.385
0.39,7.216,28.39,42,30,muy_compactado,0.239,35.076,18.404,377.219,1.075,1.181,1.495
0.449,6.264,22.859,78,30,medio_compactado,1.038,22.333,2.377,217.771,1.167,1.178,1.297
0.255,7.498,24.638,125,10,muy_compactado,0.662,33.548,7.684,118.125,0.939,0.987,1.113
0.38,5.961,26.328,141,10,suelto,0.627,43.096,3.024,243.966,1.154,1.197,1.382
0.271,6.723,25.762,157,10,suelto,2.404,47.559,15.797,191.626,1.339,1.217,1.375
0.294,5.832,27.838,27,30,suelto,1.579,47.693,14.638,199.944,1.163,1.167,1.323
0.338,8.216,23.258,131,30,suelto,1.437,38.895,7.964,278.826,1.173,1.102,1.362
0.412,5.55,27.052,138,30,medio_compactado,1.098,55.218,14.162,309.99,1.074,1.2,1.372
0.445,6.748,23.962,52,10,suelto,1.129,50.87,9.127,115.393,1.327,1.41,1.462
0.38,7.007,27.955,82,10,muy_compactado,1.398,47.852,15.613,91.389,1.219,1.228,1.184
0.275,6.831,27.461,148,10,medio_compactado,1.771,12.78,10.175,398.186,1.176,1.043,1.529
0.276,6.352,21.258,121,10,suelto,1.785,10.344,9.421,154.473,1.25,1.189,1.267
0.371,6.396,29.344,40,30,medio_compactado,0.512,20.622,18.825,97.226,1.207,1.143,1.163
0.222,6.535,22.856,130,10,suelto,1.3,43.176,6.516,140.76,1.096,1.161,1.151
0.183,6.382,28.232,66,10,muy_compactado,1.089,30.56,4.168,92.467,0.959,0.984,1.061
0.256,7.271,26.469,103,30,suelto,2.189,30.12,12.522,205.379,1.214,1.17,1.364
0.236,8.268,32.353,31,10,muy_compactado,1.615,54.229,19.448,336.769,1.091,1.139,1.328
0.239,6.054,24.106,164,30,muy_compactado,1.378,54.778,8.801,189.198,0.891,0.96,1.073
0.22,5.404,23.603,129,30,suelto,0.377,55.459,3.117,222.139,0.877,1.054,1.072
0.163,6.429,24.922,31,10,suelto,1.554,25.694,8.107,296.188,1.089,1.146,1.364
0.155,8.5,23.787,119,30,muy_compactado,0.381,44.553,11.107,242.846,0.81,0.806,0.892
0.446,5.857,28.2,117,30,muy_compactado,0.909,23.582,4.915,355.663,1.113,1.104,1.365
0.278,7.811,18.535,88,30,muy_compactado,0.443,19.53,13.846,357.131,0.982,0.842,1.243
0.265,7.842,20.785,62,10,muy_compactado,1.761,19.232,19.959,83.171,1.117,1.121,1.177
0.354,6.057,20.729,104,30,suelto,0.595,27.105,10.131,328.975,1.139,1.187,1.537
0.215,6.955,28.801,107,10,medio_compactado,1.04,31.498,8.385,227.435,1.075,1.05,1.187
0.435,7.803,31.842,111,10,suelto,2.25,51.547,9.213,396.429,1.348,1.411,1.751
0.386,6.197,24.582,109,10,muy_compactado,0.59,15.995,4.073,234.634,1.12,0.958,1.303
0.177,6.337,24.325,116,30,medio_compactado,1.319,46.746,17.899,395.807,0.98,0.98,1.308
0.275,6.035,25.28,109,10,suelto,1.106,36.573,9.467,321.462,1.138,1.163,1.436
0.414,5.688,29.648,67,10,suelto,0.143,24.397,8.971,159.554,1.193,1.151,1.317
0.433,5.981,21.291,160,30,suelto,2.003,34.641,13.874,252.286,1.24,1.301,1.461
0.29,5.521,25.953,97,10,suelto,0.266,24.997,9.957,397.483,1.119,1.195,1.414
0.334,6.527,28.901,59,10,muy_compactado,1.238,39.804,13.668,354.41,1.151,1.122,1.375
0.2,5.884,27.004,124,10,medio_compactado,1.446,31.692,3.106,111.157,1.028,1.02,1.025
0.447,6.687,25.758,127,10,muy_compactado,1.608,18.22,16.647,306.039,1.303,1.202,1.512
0.22,5.255,29.004,89,10,medio_compactado,1.753,15.829,18.929,190.585,1.154,1.127,1.204
0.433,6.765,15.0,78,10,suelto,0.708,37.335,13.678,82.234,1.337,1.243,1.273
0.345,7.167,27.712,114,30,muy_compactado,0.124,55.121,19.182,209.114,1.005,1.074,1.124
0.332,4.905,22.384,45,10,muy_compactado,1.836,27.198,4.726,155.121,1.123,1.228,1.286
0.304,6.799,17.677,124,10,medio_compactado,1.386,46.65,10.593,342.038,1.152,1.113,1.435
0.219,7.482,27.045,144,30,muy_compactado,2.107,42.933,12.833,187.946,0.921,0.955,1.077
0.203,5.532,30.495,116,10,medio_compactado,2.071,56.578,12.471,344.808,1.039,1.148,1.437
0.216,7.838,24.45,131,30,medio_compactado,2.124,51.049,9.226,80.191,0.97,1.062,1.126
0.206,6.835,28.811,164,10,medio_compactado,1.264,38.33,8.086,178.502,0.977,1.104,1.175
0.384,5.936,31.449,33,10,suelto,0.901,42.852,4.283,157.173,1.271,1.318,1.412
0.255,6.455,30.26,32,10,suelto,2.0,54.919,9.051,154.742,1.213,1.233,1.406
0.167,6.947,31.56,57,10,suelto,1.183,29.976,4.928,101.82,1.054,1.129,1.191
0.441,6.561,27.969,152,10,medio_compactado,0.54,26.34,15.219,139.88,1.288,1.157,1.305
0.415,6.931,25.302,112,10,suelto,2.152,10.541,5.759,257.776,1.332,1.338,1.572
0.428,5.763,18.592,116,10,medio_compactado,2.218,51.328,3.054,173.236,1.332,1.318,1.438
0.448,6.635,24.016,94,10,muy_compactado,1.219,50.049,11.943,213.566,1.201,1.249,1.324
0.202,5.369,21.627,90,10,suelto,0.282,15.223,12.714,200.597,1.016,1.022,1.198
0.269,6.411,33.684,140,10,medio_compactado,1.031,38.843,17.694,360.29,1.075,1.159,1.321
0.377,5.777,24.296,117,10,muy_compactado,2.028,33.199,12.386,369.696,1.204,1.215,1.463
0.359,5.912,25.493,122,30,suelto,2.264,15.935,8.219,237.746,1.29,1.098,1.478
0.196,7.489,27.206,136,30,suelto,0.588,59.028,16.454,185.65,0.895,1.089,1.128
0.395,7.373,25.174,126,10,suelto,0.261,20.735,11.725,114.176,1.206,1.103,1.303
0.217,6.987,31.78,114,30,suelto,2.206,13.362,3.427,385.089,1.116,1.076,1.429
0.217,5.626,22.509,113,30,muy_compactado,1.035,39.742,12.185,99.273,0.905,0.891,0.906
0.311,6.247,25.778,40,10,muy_compactado,1.4,46.943,18.344,175.248,1.115,1.218,1.248
0.328,7.47,22.03,41,30,medio_compactado,2.423,11.622,9.134,175.381,1.219,1.093,1.319
0.324,6.613,19.72,139,30,muy_compactado,0.26,42.936,7.334,182.528,0.932,0.957,1.097
0.177,8.355,22.553,116,10,muy_compactado,1.656,36.615,4.582,132.572,0.958,1.023,1.092
0.413,6.815,24.852,114,10,suelto,0.278,15.163,4.726,330.612,1.198,1.188,1.467
0.23,6.654,23.283,105,30,muy_compactado,1.001,18.626,9.79,119.199,1.039,0.902,1.035
0.189,6.253,22.23,91,30,medio_compactado,2.029,38.399,12.722,283.17,1.058,1.148,1.223
0.417,6.607,19.375,137,10,muy_compactado,1.14,24.818,3.451,119.631,1.107,1.132,1.254
0.437,6.378,24.668,24,10,muy_compactado,2.493,56.916,18.912,102.571,1.411,1.406,1.383
0.409,7.066,18.981,81,10,suelto,1.442,50.937,15.592,371.017,1.349,1.372,1.574
0.393,7.265,28.04,132,10,suelto,0.871,59.178,12.559,140.841,1.302,1.274,1.285
0.347,5.871,25.33,139,30,suelto,0.628,22.984,16.912,342.8,1.173,1.109,1.374
0.315,5.435,19.17,110,10,medio_compactado,0.941,58.486,3.443,254.282,1.104,1.171,1.288
0.176,5.031,23.763,33,10,muy_compactado,0.994,31.562,10.583,104.914,1.043,0.964,1.102
0.273,6.906,21.991,82,30,muy_compactado,0.265,27.376,13.342,385.743,0.897,1.021,1.268
0.262,5.617,26.277,64,10,suelto,0.987,12.517,16.916,159.028,1.142,1.046,1.23
0.228,4.778,30.362,128,10,medio_compactado,1.214,12.638,16.102,355.087,1.005,0.857,1.213
0.367,6.811,17.499,156,30,medio_compactado,1.835,44.601,6.987,134.019,1.138,1.271,1.182
0.299,8.494,25.46,145,30,suelto,1.676,32.896,18.936,353.262,1.068,1.223,1.369
0.174,6.495,24.359,168,30,suelto,1.801,21.326,4.238,84.233,1.056,0.997,1.03
0.216,7.171,27.685,45,30,suelto,0.12,40.699,17.752,243.77,1.011,0.953,1.252
0.355,6.565,25.853,121,10,muy_compactado,0.622,22.643,19.477,326.222,1.061,1.061,1.351
0.173,6.421,21.992,91,10,suelto,1.688,38.882,5.189,379.135,1.063,1.144,1.511
0.405,7.235,23.724,162,30,medio_compactado,1.262,27.96,14.997,370.945,1.178,1.111,1.444
0.299,6.268,21.816,79,10,muy_compactado,0.113,51.178,2.725,342.28,1.034,1.047,1.309
0.294,6.714,29.304,122,10,medio_compactado,2.031,51.035,9.298,364.221,1.297,1.272,1.485
0.328,6.757,25.085,99,10,muy_compactado,1.955,33.868,11.293,143.75,1.335,1.2,1.252
0.397,5.966,32.605,49,10,muy_compactado,1.416,27.541,12.452,170.939,1.251,1.12,1.403
0.254,7.294,24.757,138,10,suelto,0.26,28.128,18.847,172.47,1.033,1.096,1.048
0.353,6.36,22.166,132,10,medio_compactado,1.94,50.286,14.101,200.657,1.153,1.382,1.267
0.32,5.895,18.945,70,10,suelto,1.501,26.409,10.663,205.863,1.261,1.231,1.352
0.23,6.929,17.787,94,10,suelto,1.977,20.453,16.574,254.258,1.181,1.137,1.379
0.414,5.781,18.663,63,30,suelto,1.904,14.234,19.11,131.162,1.317,1.218,1.387
0.389,6.523,26.069,156,30,medio_compactado,2.027,33.335,2.397,301.199,1.153,1.225,1.459
0.348,6.493,27.035,155,30,medio_compactado,1.343,34.107,19.685,133.621,1.154,1.037,1.166
0.405,7.369,18.675,46,30,suelto,0.437,52.045,3.55,179.299,1.208,1.256,1.346
0.41,6.88,28.58,129,10,suelto,1.711,21.062,16.659,241.07,1.355,1.249,1.535
0.363,6.48,23.068,107,10,muy_compactado,1.589,29.05,7.046,334.861,1.17,1.261,1.459
0.401,7.154,25.587,166,30,suelto,1.881,50.42,4.379,316.63,1.165,1.264,1.525
0.359,7.612,31.449,139,30,suelto,0.508,51.181,9.917,286.571,1.007,1.242,1.328
0.354,6.946,28.587,132,30,medio_compactado,0.568,29.231,13.591,129.847,1.055,1.01,1.103
0.336,6.508,23.926,159,10,muy_compactado,2.237,32.956,8.857,255.055,1.184,1.201,1.402
0.376,5.451,21.435,64,10,suelto,1.9,25.164,2.982,107.983,1.377,1.293,1.352
0.198,5.648,16.393,135,10,muy_compactado,2.28,56.628,12.79,200.756,1.075,1.078,1.185
0.414,6.256,22.123,135,10,muy_compactado,1.921,15.932,18.243,212.325,1.324,1.179,1.448
0.412,6.012,24.155,126,30,suelto,1.533,56.687,8.898,92.74,1.216,1.364,1.14
0.159,6.35,21.051,69,30,muy_compactado,1.67,44.193,5.894,167.676,0.892,0.995,1.0
0.398,6.545,24.475,91,10,medio_compactado,2.234,36.579,9.966,385.808,1.281,1.231,1.574
0.189,6.924,25.307,145,30,medio_compactado,1.489,11.633,2.871,385.162,0.919,0.929,1.286
0.251,6.444,24.101,38,30,medio_compactado,1.618,33.78,16.769,192.745,1.248,1.073,1.226
0.373,6.889,22.4,152,10,medio_compactado,0.476,30.387,16.874,93.792,1.113,1.113,1.081
0.198,6.552,25.675,134,10,suelto,1.237,18.061,12.584,137.31,1.151,1.064,1.125
0.395,4.92,26.768,47,10,muy_compactado,1.819,42.82,8.356,205.51,1.169,1.148,1.305
0.4,5.749,20.638,50,10,suelto,0.75,58.558,16.396,383.29,1.334,1.262,1.701
0.302,6.385,30.644,63,10,suelto,0.585,38.109,11.984,125.184,1.201,1.23,1.328
0.152,5.532,24.606,47,10,suelto,0.853,45.738,16.867,324.325,1.062,1.081,1.29
0.236,6.98,25.075,47,10,medio_compactado,0.68,13.423,13.366,114.778,1.08,0.904,1.107
0.335,7.725,27.833,27,10,muy_compactado,0.616,30.883,16.119,394.002,1.082,1.137,1.364
0.444,7.475,25.933,90,30,suelto,1.12,15.818,12.774,202.117,1.279,1.199,1.279
0.34,6.329,28.813,57,10,medio_compactado,2.279,40.64,9.455,328.075,1.269,1.261,1.537
0.228,7.693,26.148,139,30,suelto,1.317,56.924,19.243,189.629,1.011,1.051,1.11
0.34,6.619,22.55,46,10,medio_compactado,0.551,43.089,11.74,280.854,1.107,1.25,1.378
0.312,6.23,26.446,132,30,suelto,0.285,13.84,12.892,141.445,1.08,1.042,1.062
0.384,6.009,20.425,92,10,muy_compactado,1.771,27.733,5.969,126.727,1.279,1.305,1.228
0.182,6.258,25.434,118,10,medio_compactado,1.019,37.533,13.262,380.181,1.04,1.074,1.347
0.378,6.189,24.867,85,30,muy_compactado,2.072,30.16,12.289,373.647,1.188,1.175,1.497
0.312,6.636,24.168,80,30,suelto,1.683,51.682,5.327,363.99,1.197,1.243,1.514
0.439,6.628,24.486,77,30,medio_compactado,2.011,50.734,3.073,280.139,1.331,1.362,1.426
0.253,6.502,17.473,93,10,suelto,0.753,40.592,12.878,338.646,1.153,1.204,1.452
0.34,6.85,22.805,124,10,muy_compactado,1.762,28.673,15.746,102.092,1.167,1.204,1.152
0.43,7.453,25.371,80,30,muy_compactado,0.734,22.767,11.421,187.132,1.168,1.051,1.257
0.181,7.26,25.639,161,30,suelto,2.354,15.294,6.082,180.385,1.083,0.997,1.185
0.431,5.312,20.889,158,30,medio_compactado,1.627,27.745,13.997,283.407,1.276,1.127,1.32
0.356,4.5,30.063,126,30,muy_compactado,0.879,30.659,3.442,193.906,0.981,1.036,1.11
0.17,7.247,21.535,108,10,medio_compactado,0.747,43.791,9.953,127.522,0.915,1.111,1.066
0.24,5.406,28.878,84,30,medio_compactado,0.558,42.908,4.941,270.869,0.877,0.997,1.21
0.362,6.32,26.709,26,10,suelto,1.767,13.505,5.32,340.603,1.403,1.247,1.597
0.17,5.564,22.415,151,10,suelto,0.625,29.763,5.641,202.28,1.058,1.025,1.214
0.325,5.058,32.101,109,10,muy_compactado,1.529,19.089,8.961,122.326,1.094,1.049,1.208
0.254,6.933,20.225,70,30,muy_compactado,0.735,17.841,2.921,142.94,0.922,0.99,1.039
0.336,7.107,28.677,99,10,medio_compactado,1.689,51.365,9.16,155.995,1.28,1.144,1.33
0.164,6.039,29.002,61,10,suelto,2.056,12.096,11.211,175.967,1.107,1.055,1.361
0.411,4.5,22.318,164,30,medio_compactado,1.967,30.959,10.699,285.694,1.124,1.099,1.469
0.442,6.063,30.57,110,10,muy_compactado,1.926,18.41,8.89,272.303,1.302,1.09,1.403
0.441,6.813,24.0,81,30,muy_compactado,0.551,53.967,17.105,302.746,1.129,1.139,1.31
0.375,5.317,26.155,73,10,muy_compactado,0.312,37.852,4.616,196.001,1.059,1.064,1.289
0.189,6.647,26.041,53,10,muy_compactado,1.777,21.569,11.103,343.679,1.068,1.032,1.295
0.377,6.488,24.463,124,30,medio_compactado,0.984,35.121,3.117,145.308,1.125,1.2,1.147
0.157,6.963,28.243,48,10,suelto,1.138,46.574,3.281,230.093,1.128,1.134,1.231
0.157,6.596,28.174,135,10,suelto,0.175,57.906,12.33,336.3,0.988,1.038,1.282
0.247,5.722,18.006,149,10,muy_compactado,0.723,21.022,12.188,137.651,1.013,0.953,1.045
0.297,7.457,30.217,146,10,medio_compactado,0.181,54.309,17.805,115.156,0.948,1.162,1.046
0.381,6.373,18.35,70,30,suelto,2.21,56.715,12.042,362.779,1.317,1.31,1.559
0.355,6.478,29.13,141,10,suelto,0.684,55.821,19.276,189.737,1.188,1.226,1.283
0.284,5.753,29.507,62,30,medio_compactado,1.438,41.771,2.877,298.838,1.008,1.153,1.283
0.232,6.145,20.636,39,10,suelto,0.194,41.491,3.764,88.112,1.015,1.131,1.233
0.449,5.792,23.357,45,30,suelto,1.7,30.161,2.793,300.815,1.281,1.33,1.563
0.278,6.362,20.577,77,30,medio_compactado,0.875,47.62,5.335,181.152,1.085,1.114,1.22
0.285,7.869,24.14,39,30,muy_compactado,2.255,36.565,11.743,97.837,1.047,1.138,1.103
0.199,5.402,23.768,82,10,medio_compactado,2.231,43.872,13.62,275.14,1.14,1.099,1.317
0.388,5.209,28.119,54,10,suelto,0.881,31.423,2.821,157.057,1.191,1.242,1.297
0.358,7.677,30.241,55,10,muy_compactado,2.262,46.575,19.027,203.778,1.25,1.239,1.221
0.216,6.333,30.583,32,30,suelto,2.491,51.224,17.159,105.786,1.282,1.184,1.164
0.175,5.965,22.751,162,30,suelto,2.081,17.322,7.339,127.092,1.073,0.931,1.024
0.354,7.332,24.163,33,30,muy_compactado,2.128,51.646,3.389,175.353,1.218,1.249,1.161
0.346,6.016,18.266,40,10,medio_compactado,0.698,37.015,5.058,108.723,1.145,1.178,1.158
0.232,7.961,21.777,91,30,muy_compactado,1.484,52.233,4.285,371.464,0.911,0.981,1.339
0.435,7.042,28.859,71,30,medio_compactado,0.261,31.565,4.219,81.935,1.107,1.142,1.156
0.195,6.11,31.462,134,10,medio_compactado,0.328,28.952,11.334,234.835,0.981,1.04,1.21
0.28,8.226,20.063,146,10,suelto,2.497,55.753,6.425,119.439,1.211,1.152,1.278
0.433,6.015,22.63,124,30,medio_compactado,0.884,22.558,8.447,178.457,1.104,1.056,1.311
0.276,7.094,24.894,125,30,suelto,1.896,52.211,19.811,376.339,1.193,1.155,1.408
0.342,6.739,26.121,88,30,suelto,2.036,34.201,14.318,131.742,1.278,1.31,1.33
0.269,7.541,21.762,74,10,muy_compactado,2.159,35.705,19.082,389.066,1.299,1.148,1.487
0.232,7.749,26.696,59,30,medio_compactado,2.494,25.423,4.566,145.854,1.194,1.123,1.162
0.445,6.526,23.105,104,10,muy_compactado,0.68,38.652,8.879,317.301,1.145,1.153,1.468
0.273,5.897,24.942,150,10,medio_compactado,0.197,26.261,11.985,254.937,1.002,0.96,1.236
0.418,6.868,27.185,111,10,muy_compactado,1.087,11.963,3.382,363.033,1.087,1.142,1.451
0.219,5.958,25.026,127,30,medio_compactado,0.412,23.6,2.075,257.278,0.869,0.934,1.076
0.214,8.111,23.254,38,30,medio_compactado,0.154,10.319,14.068,251.059,0.95,0.911,1.057
0.159,6.609,24.562,119,30,medio_compactado,0.965,58.918,13.553,142.547,1.012,1.03,1.027
0.346,6.208,24.647,146,10,suelto,1.981,58.287,9.394,133.193,1.239,1.352,1.35
0.261,6.648,23.52,24,30,muy_compactado,1.459,29.758,10.814,373.277,1.035,1.067,1.331
0.409,5.422,23.965,145,10,suelto,0.851,46.419,9.478,184.908,1.112,1.302,1.339
0.292,5.723,31.395,149,30,suelto,1.67,27.29,2.432,199.066,1.09,1.148,1.285
0.44,7.46,27.244,80,10,medio_compactado,0.657,43.555,8.037,323.144,1.159,1.173,1.506
0.206,5.974,23.818,104,10,suelto,0.135,50.272,5.187,188.424,0.972,0.993,1.232
0.411,5.662,27.788,96,10,muy_compactado,1.934,57.338,3.772,384.66,1.172,1.344,1.61
0.383,6.929,23.665,164,10,muy_compactado,1.597,30.011,19.221,316.137,1.2,1.207,1.359
0.381,7.449,29.692,93,30,muy_compactado,1.93,49.165,12.788,271.177,1.076,1.132,1.43
0.403,7.075,26.479,29,30,medio_compactado,0.193,23.296,15.116,361.886,1.074,1.019,1.4
0.378,7.297,24.571,107,10,suelto,2.109,59.517,7.677,95.874,1.419,1.385,1.39
0.338,5.895,26.791,75,30,muy_compactado,1.587,11.288,9.077,162.26,1.037,1.08,1.198
0.189,5.363,18.716,26,10,medio_compactado,1.452,40.176,6.265,228.812,1.01,1.202,1.224
0.16,7.701,20.493,104,30,muy_compactado,1.599,42.975,3.745,152.633,0.981,0.98,0.912
0.426,6.242,20.224,86,30,muy_compactado,2.175,44.402,5.223,318.05,1.363,1.225,1.463
0.335,6.299,25.572,72,30,muy_compactado,1.509,16.019,16.355,374.147,1.077,1.01,1.335
0.389,7.563,31.93,99,10,suelto,1.494,56.926,14.196,215.606,1.277,1.341,1.468
0.294,6.945,33.925,135,30,medio_compactado,2.478,19.059,11.845,189.482,1.187,1.086,1.348
0.185,6.865,27.552,132,30,muy_compactado,1.916,41.138,10.552,387.696,1.062,0.949,1.252
0.188,8.232,27.003,88,10,suelto,1.162,21.134,18.604,222.353,1.041,1.14,1.232
0.356,5.985,17.796,104,10,suelto,1.798,25.361,3.309,236.495,1.247,1.34,1.411
0.279,7.242,22.829,38,30,medio_compactado,1.034,37.323,7.051,192.528,1.1,1.153,1.169
0.21,6.546,21.849,123,30,muy_compactado,0.649,30.86,8.299,371.056,0.923,0.881,1.261
0.297,6.715,22.517,55,30,muy_compactado,1.532,18.011,16.084,262.066,1.092,1.083,1.276
0.169,7.723,24.327,119,30,medio_compactado,2.328,18.547,19.865,323.896,1.055,1.007,1.362
0.325,6.906,23.112,151,30,suelto,2.33,30.907,6.332,339.778,1.137,1.217,1.457
0.231,6.931,17.083,136,10,medio_compactado,0.921,47.864,17.738,189.392,1.059,1.165,1.219
0.389,7.358,27.992,106,10,muy_compactado,1.366,54.898,16.951,218.782,1.185,1.261,1.321
0.243,6.208,20.709,66,10,suelto,0.608,14.206,6.044,351.511,1.111,1.119,1.449
0.287,5.829,25.957,139,30,medio_compactado,2.49,29.655,9.188,196.242,1.116,1.15,1.242
0.153,5.664,33.296,101,10,muy_compactado,2.455,15.012,9.374,334.059,1.07,1.007,1.308
0.172,4.927,21.322,81,30,muy_compactado,1.659,10.83,19.608,381.118,1.019,0.783,1.24
0.268,8.145,15.0,56,30,muy_compactado,2.031,43.086,5.256,279.427,1.045,1.082,1.22
0.294,5.617,23.856,37,30,muy_compactado,1.816,40.122,16.385,317.321,1.138,1.082,1.372
0.33,6.323,29.404,155,10,medio_compactado,1.524,18.151,8.015,337.631,1.171,1.063,1.474
0.237,6.279,32.833,82,30,suelto,0.228,21.691,15.156,350.413,1.035,1.095,1.34
0.358,6.746,20.082,106,10,muy_compactado,1.191,11.185,9.56,206.417,1.11,1.168,1.361
0.408,7.153,26.987,157,30,muy_compactado,1.719,51.747,12.41,96.404,1.162,1.245,1.228
0.384,7.188,23.139,144,10,muy_compactado,1.726,58.735,16.987,208.6,1.204,1.257,1.294
0.162,6.034,24.576,106,10,muy_compactado,0.995,16.773,16.475,295.602,1.079,0.99,1.205
0.294,6.366,35.0,50,30,medio_compactado,2.36,21.574,17.596,224.112,1.314,1.153,1.319
0.181,6.726,18.988,103,10,medio_compactado,0.502,53.42,3.073,319.668,0.977,1.087,1.252
0.223,6.301,26.015,157,10,muy_compactado,1.301,56.323,14.457,194.234,0.99,1.036,1.11
0.446,7.786,26.871,36,30,medio_compactado,1.758,30.981,4.52,283.118,1.188,1.259,1.55
0.193,6.893,29.343,87,30,muy_compactado,1.773,12.531,9.485,139.654,1.048,0.936,1.081
0.3,7.088,25.392,103,30,muy_compactado,1.657,11.97,11.875,319.798,1.084,0.931,1.3
0.335,7.03,26.232,146,30,muy_compactado,0.761,38.697,9.249,254.623,1.025,1.029,1.254
0.361,7.439,23.433,66,30,suelto,0.475,29.645,11.353,145.301,1.05,1.131,1.105
0.318,6.645,26.077,112,10,medio_compactado,1.626,11.433,19.937,173.412,1.282,1.216,1.196
0.153,5.463,23.627,118,10,suelto,1.538,39.163,4.434,319.555,1.061,1.137,1.357
0.248,6.82,27.486,25,10,medio_compactado,0.53,10.565,14.158,234.432,1.045,1.04,1.263
0.305,5.979,23.522,143,30,suelto,1.792,49.369,9.128,149.13,1.134,1.215,1.249
0.176,6.077,26.508,45,30,medio_compactado,1.192,25.322,4.394,389.527,0.99,0.996,1.261
0.255,6.969,24.883,138,10,medio_compactado,1.703,12.013,4.857,308.84,1.105,1.049,1.361
0.16,7.491,29.504,80,10,suelto,2.11,39.418,19.087,386.283,1.155,1.099,1.55
0.174,6.517,24.794,95,30,medio_compactado,0.507,29.884,17.833,216.674,0.955,0.943,1.133
0.269,6.747,17.908,30,10,suelto,0.146,58.69,18.327,232.032,1.142,1.19,1.307
0.19,7.862,30.048,142,30,suelto,1.97,37.21,19.848,367.346,1.094,0.997,1.323
0.32,6.693,21.377,137,30,muy_compactado,1.563,23.762,5.75,248.016,1.126,1.063,1.226
0.357,8.5,22.385,39,30,medio_compactado,1.779,45.472,8.398,306.329,1.029,1.209,1.288
0.39,6.952,22.617,106,10,suelto,2.112,23.575,14.046,160.695,1.348,1.204,1.436
0.21,5.091,30.498,95,30,medio_compactado,2.027,55.212,10.708,222.952,1.053,1.099,1.236
0.2,7.103,16.457,147,30,muy_compactado,2.406,28.736,9.531,119.504,1.024,1.039,0.978
0.181,6.805,35.0,136,30,suelto,1.386,37.493,8.441,145.914,1.002,1.107,1.077
0.341,7.532,29.224,35,30,medio_compactado,1.272,12.529,12.688,80.302,1.063,1.13,1.093
0.362,7.039,25.893,149,30,suelto,1.065,31.306,12.361,92.565,1.176,1.149,1.126
0.159,6.389,24.78,76,30,suelto,0.469,51.618,4.906,392.731,1.036,1.017,1.312
0.431,5.521,26.142,98,10,medio_compactado,1.474,50.282,10.491,157.553,1.193,1.251,1.244
0.166,6.333,27.084,156,30,medio_compactado,0.765,21.216,11.962,292.259,0.958,0.916,1.174
0.312,5.82,27.581,50,30,medio_compactado,2.311,21.304,12.265,348.512,1.193,1.166,1.508
0.363,6.036,27.222,163,10,muy_compactado,1.5,50.865,5.782,256.211,1.121,1.252,1.312
0.411,6.971,25.358,168,30,muy_compactado,1.523,56.52,15.361,129.006,1.093,1.237,1.053
0.364,7.836,24.211,157,30,medio_compactado,0.952,14.768,2.454,312.997,1.018,1.008,1.261
0.391,6.816,24.395,120,30,suelto,0.225,32.503,8.387,272.08,1.189,1.082,1.402
0.252,5.543,24.22,28,10,muy_compactado,0.176,26.873,16.044,314.0,1.041,0.984,1.109
0.394,6.856,29.535,80,10,suelto,1.116,53.534,12.15,326.319,1.379,1.353,1.522
0.174,7.457,27.374,101,30,medio_compactado,0.303,14.176,6.701,392.131,0.927,0.851,1.163
0.418,6.012,15.0,92,30,suelto,1.556,20.556,14.509,263.54,1.31,1.19,1.498
0.314,6.393,27.624,141,10,suelto,2.214,47.623,12.213,189.325,1.372,1.316,1.354
0.395,6.512,25.779,143,30,muy_compactado,2.219,12.565,16.332,287.509,1.239,1.08,1.417
0.286,5.872,24.925,82,30,muy_compactado,1.682,34.627,15.23,101.901,1.124,1.032,1.121
0.343,7.019,23.446,56,30,muy_compactado,0.607,32.105,12.982,367.167,1.041,1.069,1.44
0.308,6.403,29.496,85,30,medio_compactado,2.171,26.72,10.787,118.202,1.192,1.131,1.216
0.369,6.836,28.79,73,10,suelto,2.227,29.729,4.397,184.91,1.297,1.334,1.477
0.174,5.79,21.908,135,10,suelto,0.572,36.497,6.704,341.039,1.04,1.058,1.216
0.168,6.15,26.628,42,10,suelto,1.87,18.068,9.544,271.14,1.099,1.062,1.423
0.224,7.078,21.113,146,30,medio_compactado,0.788,38.6,12.787,205.963,1.005,0.968,1.063
0.198,6.202,19.482,70,10,muy_compactado,2.026,50.272,11.247,231.499,1.082,1.209,1.22
0.412,7.882,22.493,56,10,medio_compactado,2.493,48.008,7.187,353.455,1.388,1.295,1.607
0.216,6.18,28.45,164,10,suelto,0.172,17.695,2.116,188.801,1.012,0.889,1.065
0.443,6.68,28.813,107,30,muy_compactado,2.254,17.462,10.932,358.288,1.345,1.08,1.535
0.251,7.246,27.052,158,30,muy_compactado,1.594,23.409,7.141,108.203,1.007,0.957,1.07
0.205,5.365,27.9,102,10,medio_compactado,2.436,28.054,15.223,328.575,1.076,1.111,1.403
0.387,5.091,27.065,37,10,medio_compactado,1.216,30.423,2.431,351.215,1.191,1.207,1.425
0.348,5.279,22.434,151,30,medio_compactado,2.134,43.985,12.527,138.182,1.103,1.227,1.205
0.299,7.51,26.728,77,10,suelto,0.25,12.834,18.947,217.711,1.121,0.941,1.308
0.317,6.059,28.202,52,10,medio_compactado,0.905,11.734,5.139,132.96,1.214,1.123,1.132
0.366,8.5,28.017,47,10,muy_compactado,0.261,29.596,10.49,306.113,1.09,1.142,1.248
0.219,6.049,29.756,105,10,suelto,2.441,44.858,3.646,251.311,1.156,1.183,1.436
0.449,6.648,27.833,86,10,suelto,2.061,19.672,13.262,283.303,1.374,1.325,1.625
0.442,7.734,26.406,128,10,suelto,2.146,42.075,11.91,142.876,1.368,1.32,1.439
0.345,8.105,29.281,80,10,suelto,2.351,22.991,9.333,147.759,1.237,1.203,1.46
0.21,8.149,24.894,159,30,muy_compactado,0.304,54.304,11.385,93.279,0.786,0.894,0.877
0.354,7.467,21.473,85,10,muy_compactado,1.025,54.784,18.138,183.062,1.167,1.259,1.267
0.172,7.319,24.348,40,30,medio_compactado,0.27,24.864,5.533,259.118,0.951,1.015,1.255
0.159,6.974,22.02,89,30,suelto,0.606,21.5,2.406,354.539,0.963,0.943,1.253
0.227,7.123,22.299,29,10,medio_compactado,0.65,30.565,17.51,293.417,0.979,1.175,1.259
0.289,6.059,24.422,81,30,medio_compactado,1.226,22.027,12.388,219.327,1.109,1.059,1.258
0.41,5.845,21.83,92,10,suelto,0.745,43.619,18.032,384.998,1.289,1.376,1.592
0.368,6.497,23.768,85,30,medio_compactado,0.342,51.303,12.745,310.158,1.128,1.162,1.318
0.373,6.364,17.426,105,10,medio_compactado,0.502,43.655,16.583,377.653,1.266,1.209,1.421
0.278,6.137,25.853,94,10,medio_compactado,0.453,51.218,9.734,248.828,0.964,1.163,1.374
0.254,7.057,25.005,154,10,medio_compactado,2.435,29.85,15.497,162.849,1.162,1.304,1.272
0.261,7.264,21.732,33,30,suelto,1.922,17.816,18.435,96.905,1.243,1.171,1.168
0.446,6.571,27.637,121,30,medio_compactado,2.423,46.898,12.298,312.347,1.243,1.285,1.584
0.162,7.682,28.75,112,30,medio_compactado,1.155,28.024,5.254,118.817,0.982,0.98,0.981
0.41,5.587,18.57,58,10,medio_compactado,0.768,43.564,6.838,176.888,1.22,1.23,1.31
0.324,6.345,21.949,25,30,muy_compactado,2.016,23.532,5.576,250.391,1.19,1.099,1.368
0.282,5.927,21.923,147,10,medio_compactado,0.883,14.061,6.443,260.613,1.031,1.075,1.206
0.368,5.007,21.24,47,30,suelto,0.819,59.629,7.515,272.187,1.189,1.245,1.381
0.296,6.434,28.318,97,10,suelto,0.658,17.81,11.992,133.202,1.22,1.143,1.326
0.412,6.403,24.225,45,10,medio_compactado,0.411,59.421,12.584,201.516,1.24,1.308,1.378
0.42,7.711,23.942,62,10,suelto,0.716,58.864,9.677,277.502,1.269,1.355,1.449
0.277,7.005,16.985,43,10,medio_compactado,0.953,49.691,13.078,390.342,1.154,1.212,1.43
0.233,5.681,27.542,64,30,muy_compactado,1.718,42.971,3.468,312.842,0.951,0.955,1.244
0.328,7.983,20.043,131,10,medio_compactado,0.25,38.89,3.58,375.233,1.012,1.117,1.349
0.424,7.477,25.24,107,30,medio_compactado,0.605,53.305,5.093,323.908,1.1,1.143,1.365
0.213,6.966,26.11,134,10,medio_compactado,2.042,24.472,11.325,269.349,1.139,1.013,1.358
0.337,6.319,30.443,89,30,medio_compactado,0.453,33.384,5.852,141.447,1.103,1.084,1.063
0.339,5.732,19.765,76,10,medio_compactado,0.922,40.969,7.099,293.339,1.094,1.193,1.429
0.37,6.202,15.0,57,10,muy_compactado,2.175,30.56,9.206,279.481,1.25,1.196,1.44
0.189,7.371,25.735,90,30,medio_compactado,0.472,31.374,16.614,272.79,1.018,0.984,1.155
0.365,8.008,32.202,157,10,muy_compactado,0.299,26.514,2.25,236.731,0.95,0.948,1.138
0.423,7.735,29.956,50,10,muy_compactado,1.263,38.212,13.689,249.17,1.183,1.196,1.451
0.204,6.109,25.839,33,30,suelto,0.826,52.529,14.04,187.022,1.078,1.103,1.242
0.221,5.604,23.033,96,30,suelto,1.452,20.076,16.376,246.18,1.138,1.037,1.299
0.441,6.613,28.228,119,10,suelto,2.029,56.722,18.79,143.218,1.422,1.446,1.372
0.204,5.085,21.106,71,10,suelto,0.429,44.454,2.362,337.656,1.066,1.044,1.355
0.406,6.759,26.905,93,30,suelto,1.494,51.164,4.768,139.449,1.283,1.34,1.345
0.298,6.382,27.022,123,10,muy_compactado,1.313,37.81,17.951,107.189,1.172,1.118,1.057
0.224,6.127,29.241,82,10,suelto,0.446,48.976,10.253,219.599,1.104,1.056,1.238
0.411,5.224,35.0,25,10,suelto,1.598,10.81,12.163,290.658,1.462,1.159,1.569
0.284,6.911,26.57,88,30,muy_compactado,0.757,50.919,13.934,220.069,0.995,1.058,1.176
0.304,6.074,22.964,106,30,suelto,1.271,12.007,14.223,168.561,1.057,1.069,1.249
0.258,5.564,24.898,33,10,muy_compactado,0.297,54.496,18.771,258.615,1.117,1.088,1.219
0.328,4.5,17.924,76,10,suelto,1.203,59.598,19.945,191.041,1.2,1.264,1.38
0.199,6.478,22.221,102,10,suelto,0.836,24.703,14.963,378.518,1.11,1.093,1.466
0.267,7.918,23.363,82,30,muy_compactado,2.074,20.516,7.17,375.246,1.107,1.054,1.211
0.441,7.829,22.904,71,10,medio_compactado,0.237,48.268,17.836,240.759,1.132,1.181,1.341
0.227,6.134,25.609,146,10,muy_compactado,1.105,22.651,2.886,184.923,0.908,0.924,1.113
0.347,6.018,21.71,45,30,muy_compactado,1.2,53.278,6.159,315.882,1.006,1.108,1.26
0.248,6.875,29.484,123,10,muy_compactado,1.84,15.142,18.153,91.748,1.08,1.046,1.113
0.382,5.701,25.001,121,30,suelto,1.478,16.298,6.611,231.926,1.216,1.211,1.428
0.189,6.741,24.963,48,10,suelto,1.701,58.958,5.972,187.623,1.175,1.228,1.232
0.441,7.113,23.688,51,10,muy_compactado,1.965,43.692,4.486,374.571,1.292,1.183,1.61
0.286,7.482,25.621,136,10,muy_compactado,2.169,52.344,17.464,83.841,1.083,1.083,1.086
0.221,6.42,28.3,68,30,muy_compactado,0.853,26.216,11.001,256.901,0.849,0.918,1.124
0.172,6.337,21.531,91,30,medio_compactado,1.391,43.824,14.148,317.012,1.015,1.014,1.324
0.201,5.798,22.368,30,30,medio_compactado,2.116,39.712,6.303,235.206,1.056,1.09,1.231
0.306,5.838,23.785,72,10,muy_compactado,2.475,40.158,15.645,107.329,1.253,1.21,1.258
0.251,6.319,19.617,160,30,medio_compactado,2.235,44.127,15.68,391.188,1.157,1.106,1.322
0.399,6.794,21.723,106,10,muy_compactado,0.992,38.768,7.627,245.763,1.164,1.235,1.435
0.279,7.231,23.095,152,10,muy_compactado,0.568,31.453,9.392,276.54,1.024,0.97,1.236
0.225,5.857,28.498,161,30,medio_compactado,1.275,23.796,5.774,155.715,0.979,0.925,1.067
0.335,7.694,26.05,96,10,muy_compactado,1.88,48.429,19.578,234.719,1.223,1.216,1.346
0.362,6.283,25.774,69,10,muy_compactado,1.282,21.314,13.621,217.328,1.157,1.063,1.253
0.2,6.483,28.404,129,10,suelto,1.26,44.618,18.822,103.967,1.132,1.174,1.206
0.2,5.902,24.451,55,10,muy_compactado,2.112,21.667,7.461,113.971,1.093,1.062,1.12
0.161,4.561,26.562,29,10,medio_compactado,0.967,41.267,16.074,347.991,1.055,1.031,1.27
0.371,7.207,24.587,168,30,muy_compactado,2.164,47.354,15.785,156.742,1.135,1.233,1.184
0.349,7.089,26.061,97,10,suelto,1.076,20.936,14.45,142.387,1.268,1.159,1.269
0.292,6.275,22.669,137,30,muy_compactado,0.888,12.997,19.382,241.572,1.013,1.044,1.202
0.403,6.554,15.245,50,30,medio_compactado,1.19,16.549,9.084,325.999,1.202,1.146,1.478
0.392,6.913,24.463,77,10,suelto,1.93,40.3,4.353,99.823,1.365,1.285,1.4
0.326,5.25,30.691,108,10,muy_compactado,0.402,52.472,14.091,264.579,0.94,1.104,1.228
0.41,6.077,28.705,150,10,suelto,0.571,12.25,15.128,118.147,1.173,1.108,1.295
0.212,7.135,28.862,134,30,suelto,2.383,46.708,12.351,91.668,1.06,1.119,1.121
0.184,5.497,29.945,38,10,muy_compactado,0.521,27.066,5.723,96.878,0.814,0.98,1.102
0.231,6.735,25.355,155,30,muy_compactado,1.463,33.926,11.08,346.933,0.941,1.008,1.173
0.167,5.415,25.789,116,10,medio_compactado,1.49,56.443,7.619,117.751,1.047,1.071,1.137
0.309,6.873,22.529,146,30,medio_compactado,1.275,26.599,9.694,94.448,1.061,1.109,1.171
0.431,6.471,23.736,96,10,medio_compactado,1.647,33.267,13.614,220.128,1.335,1.352,1.41
0.162,5.208,27.463,115,10,suelto,0.652,10.684,15.414,350.078,1.068,1.026,1.398
0.187,7.432,29.816,40,30,suelto,1.426,14.08,6.18,163.971,1.115,1.046,1.214
0.286,5.912,24.442,66,30,muy_compactado,0.993,22.93,9.296,214.948,1.01,1.064,1.215
0.43,5.852,23.199,144,10,muy_compactado,1.688,11.393,6.845,92.775,1.276,1.044,1.237
0.245,6.66,25.002,64,30,muy_compactado,0.439,41.569,5.575,223.705,0.936,0.984,1.105
0.302,7.419,27.405,62,10,muy_compactado,1.47,31.32,16.101,264.836,1.104,1.072,1.306
0.162,5.687,19.225,136,30,suelto,0.545,37.407,18.367,262.69,0.931,0.978,1.156
0.195,6.549,15.815,134,30,medio_compactado,0.769,18.732,8.664,186.377,0.869,0.901,1.147
0.446,6.843,22.798,70,10,suelto,0.625,24.797,15.523,180.971,1.274,1.265,1.418
0.44,7.054,20.117,86,10,medio_compactado,0.539,43.191,18.146,114.12,1.234,1.348,1.22
0.151,6.641,22.967,133,10,medio_compactado,2.082,58.265,17.23,197.375,1.141,1.142,1.242
0.436,6.206,24.409,92,30,muy_compactado,0.786,12.521,5.291,111.838,1.197,1.089,1.218
0.342,5.838,23.187,66,30,medio_compactado,2.325,54.519,19.213,325.311,1.188,1.252,1.498
0.41,6.569,30.81,57,10,suelto,2.428,38.844,8.78,389.208,1.438,1.414,1.765
0.286,5.642,26.307,63,10,suelto,1.471,38.196,8.106,390.424,1.149,1.225,1.516
0.305,4.5,26.202,84,30,muy_compactado,0.443,35.014,3.124,356.823,0.934,0.986,1.188
0.297,6.849,27.489,85,30,medio_compactado,0.999,13.47,10.751,272.253,1.07,1.083,1.238
0.35,7.223,20.445,81,30,suelto,2.015,14.494,3.962,304.277,1.128,1.255,1.389
0.192,4.61,29.156,98,10,suelto,0.982,40.046,6.474,171.266,1.068,1.092,1.159
0.159,5.692,24.697,39,10,muy_compactado,0.309,27.048,7.705,281.847,0.875,0.963,1.141
0.242,6.995,27.682,105,10,suelto,1.436,55.863,16.559,225.808,1.155,1.173,1.293
0.361,8.146,20.713,117,30,muy_compactado,2.128,30.33,17.759,234.246,1.095,1.086,1.125
0.211,6.517,18.785,71,10,muy_compactado,2.01,17.164,7.444,322.488,1.061,1.102,1.294
0.352,5.918,28.272,161,30,suelto,0.52,45.736,17.457,170.214,1.142,1.185,1.254
0.441,6.354,26.506,105,10,suelto,1.715,24.668,17.43,181.773,1.387,1.333,1.437
0.178,7.6,21.392,61,30,muy_compactado,0.629,36.274,15.764,375.885,0.917,0.96,1.216
0.352,5.983,21.521,150,30,medio_compactado,0.624,44.892,4.641,97.992,1.053,1.128,1.021
0.283,5.861,29.502,42,30,medio_compactado,2.198,55.013,14.426,235.403,1.254,1.283,1.402
0.41,6.114,20.242,86,10,muy_compactado,0.699,49.61,19.01,372.096,1.18,1.229,1.458
0.203,5.737,31.571,100,10,muy_compactado,0.732,43.818,14.286,275.316,0.902,0.997,1.191
0.358,6.598,21.398,154,10,muy_compactado,0.102,43.982,7.969,254.85,1.085,1.111,1.352
0.401,7.8,27.554,125,30,muy_compactado,2.19,57.296,11.01,159.918,1.152,1.066,1.319
0.433,6.758,23.686,88,30,medio_compactado,2.002,24.791,13.623,189.848,1.349,1.249,1.371
0.355,6.298,27.413,143,30,suelto,1.606,10.056,11.19,352.655,1.224,0.941,1.45
0.299,6.267,22.824,114,30,muy_compactado,1.901,23.598,4.159,258.95,1.057,0.964,1.256
0.335,5.249,24.349,31,30,medio_compactado,0.465,20.895,7.617,244.718,1.074,1.068,1.275
0.411,7.206,25.164,96,10,medio_compactado,1.2,43.092,16.443,111.866,1.36,1.284,1.27
0.321,6.438,20.991,157,30,muy_compactado,0.943,41.686,17.506,85.129,1.148,0.99,1.014
0.159,6.356,27.963,130,10,suelto,0.325,39.673,4.471,388.379,0.971,1.011,1.4
0.429,8.5,22.947,112,10,medio_compactado,1.267,10.812,19.143,200.636,1.256,1.204,1.332
0.357,6.739,24.086,62,30,suelto,2.31,46.439,7.919,273.028,1.343,1.291,1.605
0.353,5.899,21.023,136,10,medio_compactado,0.196,26.177,13.922,105.509,1.061,1.199,1.138
0.215,6.159,15.0,51,10,suelto,0.8,43.253,15.533,298.597,1.15,1.164,1.441
0.348,7.419,24.236,120,30,suelto,0.598,37.829,16.615,378.421,1.128,1.15,1.436
0.268,6.591,34.65,60,10,suelto,0.672,27.137,19.023,264.213,1.204,1.234,1.405
0.345,5.349,28.138,160,30,medio_compactado,2.28,16.729,7.633,120.357,1.108,1.095,1.163
0.182,7.235,24.923,105,10,muy_compactado,1.223,14.721,17.453,266.151,0.927,0.888,1.139
0.347,5.965,23.948,79,10,medio_compactado,1.219,51.576,4.37,325.231,1.068,1.245,1.473
0.45,7.999,25.09,108,10,muy_compactado,1.925,55.92,14.691,210.053,1.213,1.292,1.428
0.164,7.364,27.188,25,10,medio_compactado,0.471,42.489,15.356,361.548,0.986,0.981,1.298
0.443,6.142,20.277,81,30,suelto,1.269,15.172,14.199,287.579,1.281,1.202,1.428
0.272,7.525,29.457,130,10,muy_compactado,1.132,30.101,6.542,367.76,1.113,0.993,1.265
0.411,6.554,27.862,146,30,suelto,1.533,46.447,17.715,279.522,1.334,1.322,1.38
0.385,7.182,27.873,137,10,muy_compactado,2.499,48.991,5.039,122.012,1.179,1.267,1.197
0.32,6.888,26.754,130,30,suelto,1.947,15.911,2.965,179.101,1.186,1.12,1.306
0.372,5.823,25.078,60,30,muy_compactado,1.055,10.002,14.914,144.574,1.098,1.025,1.23
0.414,5.985,27.691,102,30,suelto,2.086,45.607,10.559,370.824,1.291,1.328,1.591
0.271,7.324,27.367,115,10,muy_compactado,0.51,27.83,17.284,323.328,1.031,1.03,1.144
0.248,6.232,23.584,41,10,medio_compactado,0.173,22.724,8.901,296.447,1.075,0.999,1.281
0.35,6.177,22.706,121,10,muy_compactado,0.591,10.645,5.029,176.309,1.045,0.975,1.187
0.392,5.736,25.407,86,30,suelto,0.917,37.015,17.056,138.894,1.272,1.259,1.365
0.379,6.839,31.196,162,10,medio_compactado,1.325,52.558,11.88,322.064,1.146,1.228,1.373
0.389,8.15,20.044,27,10,muy_compactado,1.576,57.882,5.406,231.731,1.185,1.196,1.34
0.281,5.646,19.13,158,30,medio_compactado,2.285,38.287,14.967,152.253,1.261,1.134,1.271
0.395,6.519,25.659,84,10,medio_compactado,1.324,35.723,11.2,277.319,1.275,1.283,1.486
0.186,7.63,25.204,130,30,muy_compactado,1.303,14.253,12.878,92.907,0.986,0.784,0.962
0.313,6.436,25.693,77,10,medio_compactado,0.221,37.444,10.296,184.374,1.105,1.147,1.231
0.152,6.862,25.976,111,10,medio_compactado,0.184,28.999,16.917,229.938,0.982,0.99,1.122
0.247,5.65,24.107,91,30,medio_compactado,1.423,40.357,16.932,127.347,1.07,1.092,1.145
0.26,6.843,30.959,152,10,muy_compactado,1.152,29.436,14.769,395.089,1.04,1.061,1.32
0.269,6.35,18.596,78,30,suelto,2.114,22.015,3.897,146.911,1.134,1.084,1.314
0.359,7.289,21.686,26,10,suelto,0.486,14.748,17.099,121.713,1.265,1.19,1.205
0.267,7.45,24.587,144,10,muy_compactado,0.16,25.746,14.078,145.131,0.916,0.934,1.049
0.285,8.5,18.427,152,30,muy_compactado,1.178,14.832,14.546,326.1,0.996,0.873,1.213
0.221,6.964,24.297,125,30,medio_compactado,0.67,18.845,8.534,216.162,1.005,0.981,1.084
0.262,6.761,31.646,61,30,medio_compactado,0.219,59.367,17.827,260.933,1.045,1.176,1.199
0.218,6.656,25.084,108,10,suelto,1.839,32.205,15.057,86.723,1.181,1.263,1.161
0.172,6.217,25.923,156,30,suelto,0.368,36.594,4.027,91.018,0.927,1.039,0.913
0.331,6.771,19.959,115,10,medio_compactado,1.56,53.681,9.34,222.664,1.179,1.248,1.33
0.35,6.264,22.535,44,10,medio_compactado,0.775,59.778,17.955,341.33,1.267,1.295,1.409
0.336,6.635,23.499,132,30,medio_compactado,0.516,39.136,2.85,363.276,0.933,1.125,1.371
0.289,7.554,23.729,70,10,suelto,1.011,50.624,19.305,107.746,1.185,1.233,1.15
0.264,5.695,30.127,107,30,muy_compactado,2.023,26.347,14.225,252.276,0.969,1.03,1.266
0.409,7.412,27.231,106,10,muy_compactado,1.041,25.287,13.365,372.233,1.1,1.176,1.403
